Title,Comapany,Location,Reward,Link
Flutter 모바일 개발,인피니티익스체인지코리아,서울 · 한국,합격보상금 100만원,https://www.wanted.co.kr/wd/202018
Flutter 앱 개발자,선후,서울 · 한국,합격보상금 100만원,https://www.wanted.co.kr/wd/202253
Flutter 어플리케이션 엔지니어(전문연구요원 가능),시너지에이아이,서울 · 한국,합격보상금 100만원,https://www.wanted.co.kr/wd/90497
Flutter 앱 개발자,섬재,서울 · 한국,합격보상금 100만원,https://www.wanted.co.kr/wd/199978
Flutter 개발자,코보시스,서울 · 한국,합격보상금 100만원,https://www.wanted.co.kr/wd/99737
Flutter 유지 보수 및 최적화 개발,야미펀,경기 · 한국,합격보상금 100만원,https://www.wanted.co.kr/wd/201489
"KMPlayer Mobile(Android, iOS) Flutter 개발",판도라티비,경기 · 한국,합격보상금 100만원,https://www.wanted.co.kr/wd/202989
[100억↑투자] 프론트엔드 개발자 (React-native / flutter),아파트멘터리,서울 · 한국,합격보상금 100만원,https://www.wanted.co.kr/wd/165183
Flutter 모바일 개발,인피니티익스체인지코리아,서울 · 한국,합격보상금 100만원,https://www.wanted.co.kr/wd/202018
Flutter 앱 개발자,선후,서울 · 한국,합격보상금 100만원,https://www.wanted.co.kr/wd/202253
Flutter 어플리케이션 엔지니어(전문연구요원 가능),시너지에이아이,서울 · 한국,합격보상금 100만원,https://www.wanted.co.kr/wd/90497
Flutter 앱 개발자,섬재,서울 · 한국,합격보상금 100만원,https://www.wanted.co.kr/wd/199978
Flutter 개발자,코보시스,서울 · 한국,합격보상금 100만원,https://www.wanted.co.kr/wd/99737
Flutter 유지 보수 및 최적화 개발,야미펀,경기 · 한국,합격보상금 100만원,https://www.wanted.co.kr/wd/201489
"KMPlayer Mobile(Android, iOS) Flutter 개발",판도라티비,경기 · 한국,합격보상금 100만원,https://www.wanted.co.kr/wd/202989
[100억↑투자] 프론트엔드 개발자 (React-native / flutter),아파트멘터리,서울 · 한국,합격보상금 100만원,https://www.wanted.co.kr/wd/165183
Flutter 앱 개발자,어터,경기 · 한국,합격보상금 100만원,https://www.wanted.co.kr/wd/176807
Flutter 모바일 개발자,헥슬란트,서울 · 한국,합격보상금 100만원,https://www.wanted.co.kr/wd/191902
프론트엔드 개발자(Flutter),피노키오랩,서울 · 한국,합격보상금 100만원,https://www.wanted.co.kr/wd/193439
Flutter APP개발자,온택트헬스,서울 · 한국,합격보상금 100만원,https://www.wanted.co.kr/wd/201343
모바일앱 개발자(Flutter),리브애니웨어,서울 · 한국,합격보상금 100만원,https://www.wanted.co.kr/wd/97734
크로스플랫폼 앱 개발자 (Flutter/React Native/Web),더쓰리룰스,서울 · 한국,합격보상금 100만원,https://www.wanted.co.kr/wd/201794
Flutter 개발자 (병역특례_현역/보충역),넛지헬스케어(캐시워크),서울 · 한국,합격보상금 100만원,https://www.wanted.co.kr/wd/168259
프론트엔드(Flutter) 개발자,와이엠스타,서울 · 한국,합격보상금 100만원,https://www.wanted.co.kr/wd/192579
"Flutter, iOS 앱 개발자",에임(AIM),서울 · 한국,합격보상금 100만원,https://www.wanted.co.kr/wd/38892
Flutter 앱 개발자,심버스,서울 · 한국,합격보상금 100만원,https://www.wanted.co.kr/wd/187060
플러터(Flutter)개발자,피닉스다트,서울 · 한국,합격보상금 100만원,https://www.wanted.co.kr/wd/185303
앱 개발자(Flutter),제로엑스플로우,서울 · 한국,합격보상금 100만원,https://www.wanted.co.kr/wd/103545
서빙로봇 Flutter 앱 개발자 (포항),폴라리스쓰리디(Polaris3D),경북 · 한국,합격보상금 100만원,https://www.wanted.co.kr/wd/195439
Flutter 앱 개발자,비사이드코리아,서울 · 한국,합격보상금 100만원,https://www.wanted.co.kr/wd/120367
Flutter 개발자 (1년 이상),바움랩스,인천 · 한국,합격보상금 100만원,https://www.wanted.co.kr/wd/202988
플러터,아토맘코리아,서울 · 한국,합격보상금 100만원,https://www.wanted.co.kr/wd/162758
"Flutter 앱 개발자 - (1년 이상, 산업기능요원 편입 가능)",테이블매니저,서울 · 한국,합격보상금 100만원,https://www.wanted.co.kr/wd/166647
앱 개발자 flutter,아스타,서울 · 한국,합격보상금 100만원,https://www.wanted.co.kr/wd/163690
Flutter 앱 개발자,디에이치로지스틱스,서울 · 한국,합격보상금 100만원,https://www.wanted.co.kr/wd/148459
Flutter 앱 개발자,플랙스뉴럴랩스,서울 · 한국,합격보상금 100만원,https://www.wanted.co.kr/wd/151186
Flutter & React.js 서비스 개발자,더랩스코리아,경기 · 한국,합격보상금 100만원,https://www.wanted.co.kr/wd/201810
"Flutter 앱 개발자 (Flutter, AOS, IOS)",유리프트,서울 · 한국,합격보상금 100만원,https://www.wanted.co.kr/wd/166420
모바일/웹 클라이언트(flutter) 개발자(1년),스쿨버스,서울 · 한국,합격보상금 100만원,https://www.wanted.co.kr/wd/201909
플러터(Flutter) 모바일 앱 개발자,비지피웍스,서울 · 한국,합격보상금 100만원,https://www.wanted.co.kr/wd/200310
프론트엔드(Flutter) 개발자,컨두잇,서울 · 한국,합격보상금 100만원,https://www.wanted.co.kr/wd/199372
Flutter 앱 개발자 (3년 이상),에픽코퍼레이션,서울 · 한국,합격보상금 100만원,https://www.wanted.co.kr/wd/162035
[100억↑투자] 다이어트 앱(린다이어트) 모바일 및 Flutter 개발자,인티그레이션(메디스트림),서울 · 한국,합격보상금 100만원,https://www.wanted.co.kr/wd/190108
Flutter 개발자,엑스와이지,서울 · 한국,합격보상금 100만원,https://www.wanted.co.kr/wd/197506
[윙크] Flutter Developer,단비교육,서울 · 한국,합격보상금 100만원,https://www.wanted.co.kr/wd/181162
[100억↑투자] AI개발팀 Flutter (웹/앱) 개발자,애니펜,경기 · 한국,합격보상금 100만원,https://www.wanted.co.kr/wd/193478
App 개발자 (Flutter),케이에이씨미디어그룹,서울 · 한국,합격보상금 100만원,https://www.wanted.co.kr/wd/189993
모바일 앱 개발자 (Flutter),에스케이디앤디(SK D&D),경기 · 한국,합격보상금 100만원,https://www.wanted.co.kr/wd/143640
Flutter 앱 개발자,더클라우드팩토리,서울 · 한국,합격보상금 100만원,https://www.wanted.co.kr/wd/198773
flutter 개발자,티앤티플러스,서울 · 한국,합격보상금 100만원,https://www.wanted.co.kr/wd/176322
플러터 앱 개발자 (Flutter),모니랩,서울 · 한국,합격보상금 100만원,https://www.wanted.co.kr/wd/195972
모바일 앱 소프트웨어 개발 (Flutter / iOS / Android),블록체인랩스,서울 · 한국,합격보상금 100만원,https://www.wanted.co.kr/wd/138923
FrontEnd(APP/Flutter),지에스커넥트,서울 · 한국,합격보상금 100만원,https://www.wanted.co.kr/wd/180687
모바일 앱 개발자 (Flutter),시어스랩(Seerslab),서울 · 한국,합격보상금 100만원,https://www.wanted.co.kr/wd/152786
